CREATE TABLE Cases (
    police_dep_name TEXT,
    case_date DATE,
    case_id INTEGER,
    category TEXT,
    victim_name TEXT,
    suspect_name TEXT
);

INSERT INTO Cases (police_dep_name, case_date, case_id, category, victim_name, suspect_name)
VALUES
  ('Центр', '2025-08-11', 14312, 'Ограбление', 'Михаил Грин', 'Том Харрис'),
  ('Центр', '2025-08-11', 14298, 'Нападение', 'Лаура Уайт', 'Ник Холт'),
  ('Центр', '2025-08-11', 14285, 'Мошенничество', 'Давид Блэк', 'Сьюзан Миллер'),
  ('Центр', '2025-08-11', 14270, 'Убийство', 'Роберт Ли', 'Карл Янг'),
('Центр', '2025-08-11', 14343, 'Пропажа', 'Джейн Доу', NULL);



CREATE TABLE EventAttendance (
 event_name TEXT,
 event_date DATE,
 guest_name TEXT,
 invitation_id INTEGER,
 presence INTEGER
);

INSERT INTO EventAttendance (event_name, event_date, guest_name, invitation_id, presence) VALUES

 ('Вечеринка в Мэрии', '2025-08-10', 'Джеймс Джонс', 1202, 0),
 ('Марш независимости', '2025-08-09', 'Майкл Миллер', 1203, 1),
 ('Концерт на площади', '2025-08-09', 'Дэвид Дэвис', 1204, 1),
 ('Марш независимости', '2025-08-09', 'Роберт Дэвис', 1205, 0),
 ('День города', '2025-08-08', 'Дэвид Джонсон', 1206, 1),
 ('Вечеринка в Мэрии', '2025-08-10', 'Лаура Мартинез', 1207, 1),
 ('День города', '2025-08-08', 'Джеймс Смит', 1208, 0),
 ('Вечеринка в Мэрии', '2025-08-10', 'Дэвид Гарсия', 1209, 0),
 ('День города', '2025-08-08', 'Эмили Джонсон', 1210, 1),
 ('Вечеринка в Мэрии', '2025-08-10', 'Джессика Тейлор', 1211, 1),
 ('День города', '2025-08-08', 'Сара Браун', 1212, 1),
 ('День города', '2025-08-08', 'Дэниел Смит', 1213, 0),
 ('Марш независимости', '2025-08-09', 'Сара Джонсон', 1214, 0),
 ('Марш независимости', '2025-08-09', 'Дэвид Уильямс', 1215, 0),
 ('День города', '2025-08-08', 'Сара Тейлор', 1216, 0),
 ('День города', '2025-08-08', 'Майкл Дэвис', 1217, 1),
 ('Марш независимости', '2025-08-09', 'Джессика Джонсон', 1218, 0),
 ('Концерт на площади', '2025-08-09', 'Дэвид Мартинез', 1219, 1),
 ('Марш независимости', '2025-08-09', 'Майкл Уильямс', 1220, 0),
 ('День города', '2025-08-08', 'Джеймс Джонсон', 1221, 0),
 ('Концерт на площади', '2025-08-09', 'Роберт Дэвис', 1222, 1),
 ('Концерт на площади', '2025-08-09', 'Сара Дэвис', 1223, 0),
 ('День города', '2025-08-08', 'Дэвид Гарсия', 1224, 1),
 ('Вечеринка в Мэрии', '2025-08-10', 'Майкл Смит', 1225, 1),
 ('День города', '2025-08-08', 'Лаура Мартинез', 1226, 0),
 ('Концерт на площади', '2025-08-09', 'Дэниел Тейлор', 1227, 1),
 ('Марш независимости', '2025-08-09', 'Роберт Гарсия', 1228, 0),
 ('День города', '2025-08-08', 'Дэниел Миллер', 1229, 1),
 ('Вечеринка в Мэрии', '2025-08-10', 'Джессика Дэвис', 1230, 1),
 ('Марш независимости', '2025-08-09', 'Джессика Браун', 1231, 1),
 ('День города', '2025-08-08', 'Роберт Миллер', 1232, 1),
 ('Концерт на площади', '2025-08-09', 'Сара Мартинез', 1233, 0),
 ('Вечеринка в Мэрии', '2025-08-10', 'Джон Гарсия', 1234, 0),
 ('Марш независимости', '2025-08-09', 'Сара Мартинез', 1235, 1),
 ('Марш независимости', '2025-08-09', 'Джессика Тейлор', 1236, 1),
 ('Концерт на площади', '2025-08-09', 'Дэниел Мартинез', 1237, 1),
 ('Концерт на площади', '2025-08-09', 'Лаура Гарсия', 1238, 0),
 ('Вечеринка в Мэрии', '2025-08-10', 'Дэвид Миллер', 1239, 0),
 ('Вечеринка в Мэрии', '2025-08-10', 'Роберт Уильямс', 1240, 1),
 ('День города', '2025-08-08', 'Лаура Дэвис', 1241, 1),
 ('День города', '2025-08-08', 'Эмили Миллер', 1242, 0),
 ('Концерт на площади', '2025-08-09', 'Сара Мартинез', 1243, 1),
 ('Концерт на площади', '2025-08-09', 'Лаура Уильямс', 1244, 0),
 ('Концерт на площади', '2025-08-09', 'Майкл Смит', 1245, 0),
 ('Концерт на площади', '2025-08-09', 'Роберт Миллер', 1246, 1),
 ('День города', '2025-08-08', 'Эмили Мартинез', 1247, 1),
 ('День города', '2025-08-08', 'Джессика Джонсон', 1248, 1),
 ('Вечеринка в Мэрии', '2025-08-10', 'Дэниел Браун', 1249, 0),
 ('Концерт на площади', '2025-08-09', 'Джеймс Джонсон', 1250, 1),
 ('День города', '2025-08-08', 'Роберт Гарсия', 1251, 1),
 ('День города', '2025-08-08', 'Джон Дэвис', 1252, 1),
 ('День города', '2025-08-08', 'Сара Джонс', 1253, 1),
('Вечеринка в Мэрии', '2025-08-10', 'Джейн Доу', 1201, 1),
 ('Концерт на площади', '2025-08-09', 'Дэниел Дэвис', 1254, 1),
 ('Марш независимости', '2025-08-09', 'Сара Джонсон', 1255, 0),
 ('День города', '2025-08-08', 'Джон Смит', 1256, 1),
 ('Марш независимости', '2025-08-09', 'Майкл Тейлор', 1257, 1),
 ('Концерт на площади', '2025-08-09', 'Лаура Смит', 1258, 0),
 ('Вечеринка в Мэрии', '2025-08-10', 'Джон Браун', 1259, 0),
 ('День города', '2025-08-08', 'Джессика Джонс', 1260, 0),
 ('День города', '2025-08-08', 'Роберт Тейлор', 1261, 0),
 ('Концерт на площади', '2025-08-09', 'Дэвид Дэвис', 1262, 0),
 ('Марш независимости', '2025-08-09', 'Джон Гарсия', 1263, 0),
 ('Концерт на площади', '2025-08-09', 'Джон Тейлор', 1264, 1),
 ('День города', '2025-08-08', 'Джон Джонсон', 1265, 0),
 ('Марш независимости', '2025-08-09', 'Сара Гарсия', 1266, 1),
 ('Концерт на площади', '2025-08-09', 'Дэвид Тейлор', 1267, 0),
 ('День города', '2025-08-08', 'Джеймс Гарсия', 1268, 0),
 ('Концерт на площади', '2025-08-09', 'Джеймс Уильямс', 1269, 0),
 ('День города', '2025-08-08', 'Лаура Джонсон', 1270, 0),
 ('Вечеринка в Мэрии', '2025-08-10', 'Алан Йорк', 1271, 1),
 ('Марш независимости', '2025-08-09', 'Дэвид Гарсия', 1272, 0),
 ('Марш независимости', '2025-08-09', 'Джон Гарсия', 1273, 1),
 ('Марш независимости', '2025-08-09', 'Джеймс Джонсон', 1274, 1),
 ('День города', '2025-08-08', 'Эмили Уильямс', 1275, 1),
 ('Концерт на площади', '2025-08-09', 'Лаура Джонсон', 1276, 0),
 ('Вечеринка в Мэрии', '2025-08-10', 'Эмили Миллер', 1277, 1),
 ('Вечеринка в Мэрии', '2025-08-10', 'Джон Смит', 1278, 0),
 ('Концерт на площади', '2025-08-09', 'Джессика Дэвис', 1279, 1),
 ('Концерт на площади', '2025-08-09', 'Эмили Миллер', 1280, 0),
 ('День города', '2025-08-08', 'Лаура Смит', 1281, 0),
 ('Концерт на площади', '2025-08-09', 'Дэниел Джонс', 1282, 1),
 ('Вечеринка в Мэрии', '2025-08-10', 'Джеймс Гарсия', 1283, 0),
 ('День города', '2025-08-08', 'Джон Уильямс', 1284, 1),
 ('Концерт на площади', '2025-08-09', 'Дэвид Тейлор', 1285, 1),
 ('Концерт на площади', '2025-08-09', 'Роберт Джонс', 1286, 1),
 ('Вечеринка в Мэрии', '2025-08-10', 'Дэниел Миллер', 1287, 1),
 ('Марш независимости', '2025-08-09', 'Майкл Мартинез', 1288, 0),
 ('День города', '2025-08-08', 'Джессика Тейлор', 1289, 0),
 ('Марш независимости', '2025-08-09', 'Майкл Мартинез', 1290, 0),
 ('Концерт на площади', '2025-08-09', 'Дэвид Смит', 1291, 0),
 ('День города', '2025-08-08', 'Джон Гарсия', 1292, 1),
 ('День города', '2025-08-08', 'Дэвид Уильямс', 1293, 1),
 ('Марш независимости', '2025-08-09', 'Дэниел Мартинез', 1294, 1),
 ('Вечеринка в Мэрии', '2025-08-10', 'Дэниел Джонс', 1295, 0),
 ('Концерт на площади', '2025-08-09', 'Лаура Браун', 1296, 1),
 ('Концерт на площади', '2025-08-09', 'Дэвид Мартинез', 1297, 1),
 ('Концерт на площади', '2025-08-09', 'Дэниел Мартинез', 1298, 0),
 ('Концерт на площади', '2025-08-09', 'Дэниел Гарсия', 1299, 0),
 ('Марш независимости', '2025-08-09', 'Джон Дэвис', 1300, 1);



CREATE TABLE EmergencyCalls (
 datetime TIMESTAMP,
 date DATE,
 location TEXT,
 incident_id INTEGER,
 caller TEXT,
 description TEXT,
 status TEXT
);

INSERT INTO EmergencyCalls (datetime, date, location, incident_id, caller, description, status) VALUES
 ('2025-08-10 12:15:00', '2025-08-10', 'Мэрия', 12244, 'Житель', 'Подозрительный пакет найден', 'Принят'),
 ('2025-08-10 09:05:00', '2025-08-10', 'Ресторан', 12245, 'Житель', 'Конфликт с охраной', 'Принят'),
 ('2025-08-10 19:55:00', '2025-08-10', 'Ресторан', 12246, 'Диспетчер', 'Неадекватное поведение посетителя', 'Принят'),
 ('2025-08-10 11:55:00', '2025-08-10', 'Мэрия', 12247, 'Администратор', 'Автомобиль перегородил выезд', 'Принят'),
 ('2025-08-10 15:05:00', '2025-08-10', 'Стадион', 12248, 'Прохожий', 'Автомобиль перегородил выезд', 'Принят'),
 ('2025-08-10 15:05:00', '2025-08-10', 'Общежитие', 12249, 'Диспетчер', 'Потасовка в зале', 'Принят'),
 ('2025-08-10 10:00:00', '2025-08-10', 'Ресторан', 12250, 'Посетитель', 'Конфликт с охраной', 'Принят'),
 ('2025-08-10 12:20:00', '2025-08-10', 'Торговый центр', 12251, 'Администратор', 'Автомобиль перегородил выезд', 'Принят'),
 ('2025-08-10 20:50:00', '2025-08-10', 'Торговый центр', 12252, 'Посетитель', 'Подозрительный пакет найден', 'Принят'),
 ('2025-08-10 11:35:00', '2025-08-10', 'Ресторан', 12253, 'Администратор', 'Потасовка в зале', 'Принят'),
 ('2025-08-10 21:00:00', '2025-08-10', 'Стадион', 12254, 'Житель', 'Шумная драка у входа', 'Принят'),
 ('2025-08-10 18:55:00', '2025-08-10', 'Стадион', 12255, 'Прохожий', 'Конфликт с охраной', 'Принят'),
 ('2025-08-10 11:15:00', '2025-08-10', 'Общежитие', 12256, 'Посетитель', 'Громкие крики из комнаты', 'Принят'),
 ('2025-08-10 12:10:00', '2025-08-10', 'Ресторан', 12257, 'Диспетчер', 'Попытка проникновения', 'Принят'),
 ('2025-08-10 11:50:00', '2025-08-10', 'Мэрия', 12258, 'Администратор', 'Сработала сигнализация', 'Принят'),
 ('2025-08-10 16:20:00', '2025-08-10', 'Ресторан', 12259, 'Диспетчер', 'Шумная драка у входа', 'Принят'),
 ('2025-08-10 21:50:00', '2025-08-10', 'Ресторан', 12260, 'Прохожий', 'Подозрительный пакет найден', 'Принят'),
 ('2025-08-10 20:55:00', '2025-08-10', 'Общежитие', 12261, 'Прохожий', 'Громкие крики из комнаты', 'Принят'),
 ('2025-08-10 17:45:00', '2025-08-10', 'Стадион', 12262, 'Житель', 'Сообщение о краже', 'Принят'),
 ('2025-08-10 16:00:00', '2025-08-10', 'Ресторан', 12263, 'Диспетчер', 'Автомобиль перегородил выезд', 'Принят'),
 ('2025-08-10 09:15:00', '2025-08-10', 'Стадион', 12264, 'Охранник', 'Конфликт с охраной', 'Принят'),
 ('2025-08-10 22:05:00', '2025-08-10', 'Мэрия', 12265, 'Сосед', 'Громкие крики из комнаты', 'Принят'),
 ('2025-08-10 05:20:00', '2025-08-10', 'Общежитие', 12266, 'Диспетчер', 'Сработала сигнализация', 'Принят'),
 ('2025-08-10 20:15:00', '2025-08-10', 'Ресторан', 12267, 'Посетитель', 'Потасовка в зале', 'Принят'),
 ('2025-08-10 14:05:00', '2025-08-10', 'Общежитие', 12268, 'Житель', 'Конфликт с охраной', 'Принят'),
 ('2025-08-10 18:15:00', '2025-08-10', 'Ресторан', 12269, 'Охранник', 'Подозрительный пакет найден', 'Принят'),
 ('2025-08-10 09:25:00', '2025-08-10', 'Торговый центр', 12270, 'Охранник', 'Громкие крики из комнаты', 'Принят'),
 ('2025-08-10 20:45:00', '2025-08-10', 'Торговый центр', 12271, 'Диспетчер', 'Попытка проникновения', 'Принят'),
 ('2025-08-10 10:50:00', '2025-08-10', 'Общежитие', 12272, 'Администратор', 'Автомобиль перегородил выезд', 'Принят'),
 ('2025-08-10 19:05:00', '2025-08-10', 'Мэрия', 12273, 'Охранник', 'Неадекватное поведение посетителя', 'Принят'),
 ('2025-08-10 17:35:00', '2025-08-10', 'Торговый центр', 12274, 'Житель', 'Неадекватное поведение посетителя', 'Принят'),
 ('2025-08-10 02:35:00', '2025-08-10', 'Торговый центр', 12275, 'Сосед', 'Громкие крики из комнаты', 'Принят'),
 ('2025-08-10 07:10:00', '2025-08-10', 'Мэрия', 12276, 'Администратор', 'Попытка проникновения', 'Принят'),
 ('2025-08-10 09:30:00', '2025-08-10', 'Мэрия', 12277, 'Прохожий', 'Попытка проникновения', 'Принят'),
 ('2025-08-10 12:00:00', '2025-08-10', 'Торговый центр', 12278, 'Диспетчер', 'Громкие крики из комнаты', 'Принят'),
 ('2025-08-10 16:40:00', '2025-08-10', 'Мэрия', 12279, 'Сосед', 'Громкие крики из комнаты', 'Принят'),
 ('2025-08-10 10:50:00', '2025-08-10', 'Торговый центр', 12280, 'Сосед', 'Конфликт с охраной', 'Принят'),
 ('2025-08-10 18:05:00', '2025-08-10', 'Ресторан', 12281, 'Администратор', 'Сработала сигнализация', 'Принят'),
 ('2025-08-10 20:25:00', '2025-08-10', 'Стадион', 12282, 'Житель', 'Потасовка в зале', 'Принят'),
 ('2025-08-10 21:05:00', '2025-08-10', 'Общежитие', 12283, 'Охранник', 'Попытка проникновения', 'Принят'),
 ('2025-08-10 17:20:00', '2025-08-10', 'Мэрия', 12284, 'Житель', 'Автомобиль перегородил выезд', 'Принят'),
 ('2025-08-10 16:40:00', '2025-08-10', 'Стадион', 12285, 'Посетитель', 'Потасовка в зале', 'Принят'),
 ('2025-08-10 19:05:00', '2025-08-10', 'Ресторан', 12286, 'Житель', 'Потасовка в зале', 'Принят'),
 ('2025-08-10 13:45:00', '2025-08-10', 'Ресторан', 12287, 'Житель', 'Автомобиль перегородил выезд', 'Принят'),
 ('2025-08-10 22:00:00', '2025-08-10', 'Ресторан', 12288, 'Охранник', 'Неадекватное поведение посетителя', 'Принят'),
 ('2025-08-10 23:53:00', '2025-08-10', 'Мэрия', 12243, 'Охранник', 'Драка на парковке, слышны крики', 'Отменен'),
 ('2025-08-10 11:50:00', '2025-08-10', 'Мэрия', 12289, 'Прохожий', 'Сообщение о краже', 'Принят'),
 ('2025-08-10 10:55:00', '2025-08-10', 'Ресторан', 12290, 'Житель', 'Громкие крики из комнаты', 'Отменен'),
 ('2025-08-10 15:10:00', '2025-08-10', 'Ресторан', 12291, 'Охранник', 'Потасовка в зале', 'Принят'),
 ('2025-08-10 12:50:00', '2025-08-10', 'Стадион', 12292, 'Охранник', 'Автомобиль перегородил выезд', 'Принят'),
 ('2025-08-10 12:10:00', '2025-08-10', 'Ресторан', 12293, 'Сосед', 'Сообщение о краже', 'Принят'),
 ('2025-08-10 14:30:00', '2025-08-10', 'Торговый центр', 12294, 'Сосед', 'Конфликт с охраной', 'Принят'),
 ('2025-08-10 15:15:00', '2025-08-10', 'Общежитие', 12295, 'Житель', 'Попытка проникновения', 'Принят'),
 ('2025-08-10 12:30:00', '2025-08-10', 'Торговый центр', 12296, 'Прохожий', 'Потасовка в зале', 'Принят'),
 ('2025-08-10 15:50:00', '2025-08-10', 'Стадион', 12297, 'Сосед', 'Громкие крики из комнаты', 'Принят'),
 ('2025-08-10 08:10:00', '2025-08-10', 'Мэрия', 12298, 'Диспетчер', 'Потасовка в зале', 'Отменен'),
 ('2025-08-10 14:30:00', '2025-08-10', 'Стадион', 12299, 'Диспетчер', 'Громкие крики из комнаты', 'Принят'),
 ('2025-08-10 06:20:00', '2025-08-10', 'Общежитие', 12300, 'Охранник', 'Неадекватное поведение посетителя', 'Принят'),
 ('2025-08-10 17:50:00', '2025-08-10', 'Ресторан', 12301, 'Посетитель', 'Конфликт с охраной', 'Принят'),
 ('2025-08-10 19:25:00', '2025-08-10', 'Общежитие', 12302, 'Диспетчер', 'Автомобиль перегородил выезд', 'Принят'),
 ('2025-08-10 19:30:00', '2025-08-10', 'Стадион', 12303, 'Прохожий', 'Неадекватное поведение посетителя', 'Принят'),
 ('2025-08-10 15:50:00', '2025-08-10', 'Ресторан', 12304, 'Администратор', 'Сообщение о краже', 'Принят'),
 ('2025-08-10 09:20:00', '2025-08-10', 'Общежитие', 12305, 'Прохожий', 'Конфликт с охраной', 'Принят'),
 ('2025-08-10 14:35:00', '2025-08-10', 'Ресторан', 12306, 'Администратор', 'Попытка проникновения', 'Принят'),
 ('2025-08-10 21:55:00', '2025-08-10', 'Ресторан', 12307, 'Житель', 'Подозрительный пакет найден', 'Принят'),
 ('2025-08-10 18:25:00', '2025-08-10', 'Ресторан', 12308, 'Охранник', 'Конфликт с охраной', 'Принят'),
 ('2025-08-10 11:00:00', '2025-08-10', 'Торговый центр', 12309, 'Охранник', 'Конфликт с охраной', 'Принят'),
 ('2025-08-10 10:35:00', '2025-08-10', 'Ресторан', 12310, 'Администратор', 'Сработала сигнализация', 'Принят'),
 ('2025-08-10 12:10:00', '2025-08-10', 'Общежитие', 12311, 'Посетитель', 'Шумная драка у входа', 'Принят'),
 ('2025-08-10 21:55:00', '2025-08-10', 'Общежитие', 12312, 'Диспетчер', 'Попытка проникновения', 'Принят'),
 ('2025-08-10 22:05:00', '2025-08-10', 'Ресторан', 12313, 'Администратор', 'Сообщение о краже', 'Принят'),
 ('2025-08-10 19:25:00', '2025-08-10', 'Ресторан', 12314, 'Сосед', 'Попытка проникновения', 'Принят'),
 ('2025-08-10 11:55:00', '2025-08-10', 'Ресторан', 12315, 'Сосед', 'Попытка проникновения', 'Принят'),
 ('2025-08-10 22:50:00', '2025-08-10', 'Стадион', 12316, 'Прохожий', 'Громкие крики из комнаты', 'Принят'),
 ('2025-08-10 10:55:00', '2025-08-10', 'Торговый центр', 12317, 'Прохожий', 'Конфликт с охраной', 'Принят'),
 ('2025-08-10 17:05:00', '2025-08-10', 'Стадион', 12318, 'Житель', 'Сообщение о краже', 'Принят'),
 ('2025-08-10 20:15:00', '2025-08-10', 'Общежитие', 12319, 'Охранник', 'Неадекватное поведение посетителя', 'Принят'),
 ('2025-08-10 15:00:00', '2025-08-10', 'Стадион', 12320, 'Житель', 'Неадекватное поведение посетителя', 'Принят'),
 ('2025-08-10 00:45:00', '2025-08-10', 'Ресторан', 12321, 'Администратор', 'Попытка проникновения', 'Принят'),
 ('2025-08-10 15:30:00', '2025-08-10', 'Стадион', 12322, 'Диспетчер', 'Громкие крики из комнаты', 'Принят'),
 ('2025-08-10 15:35:00', '2025-08-10', 'Общежитие', 12323, 'Охранник', 'Неадекватное поведение посетителя', 'Принят'),
 ('2025-08-10 22:35:00', '2025-08-10', 'Общежитие', 12324, 'Житель', 'Сработала сигнализация', 'Принят'),
 ('2025-08-10 19:00:00', '2025-08-10', 'Общежитие', 12325, 'Охранник', 'Неадекватное поведение посетителя', 'Принят'),
 ('2025-08-10 13:30:00', '2025-08-10', 'Общежитие', 12326, 'Прохожий', 'Конфликт с охраной', 'Принят'),
 ('2025-08-10 15:20:00', '2025-08-10', 'Стадион', 12327, 'Сосед', 'Неадекватное поведение посетителя', 'Принят'),
 ('2025-08-10 20:40:00', '2025-08-10', 'Мэрия', 12328, 'Охранник', 'Автомобиль перегородил выезд', 'Принят'),
 ('2025-08-10 19:00:00', '2025-08-10', 'Мэрия', 12329, 'Сосед', 'Шумная драка у входа', 'Принят'),
 ('2025-08-10 18:10:00', '2025-08-10', 'Торговый центр', 12330, 'Житель', 'Сообщение о краже', 'Принят'),
 ('2025-08-10 12:35:00', '2025-08-10', 'Мэрия', 12331, 'Посетитель', 'Потасовка в зале', 'Принят'),
 ('2025-08-10 20:55:00', '2025-08-10', 'Торговый центр', 12332, 'Охранник', 'Сообщение о краже', 'Принят'),
 ('2025-08-10 13:45:00', '2025-08-10', 'Мэрия', 12333, 'Посетитель', 'Неадекватное поведение посетителя', 'Принят'),
 ('2025-08-10 20:50:00', '2025-08-10', 'Торговый центр', 12334, 'Житель', 'Подозрительный пакет найден', 'Принят'),
 ('2025-08-10 21:45:00', '2025-08-10', 'Ресторан', 12335, 'Сосед', 'Шумная драка у входа', 'Принят'),
 ('2025-08-10 14:05:00', '2025-08-10', 'Ресторан', 12336, 'Диспетчер', 'Автомобиль перегородил выезд', 'Принят'),
 ('2025-08-10 10:30:00', '2025-08-10', 'Общежитие', 12337, 'Прохожий', 'Попытка проникновения', 'Принят'),
 ('2025-08-10 17:50:00', '2025-08-10', 'Общежитие', 12338, 'Прохожий', 'Сработала сигнализация', 'Принят'),
 ('2025-08-10 20:45:00', '2025-08-10', 'Общежитие', 12339, 'Прохожий', 'Автомобиль перегородил выезд', 'Принят'),
 ('2025-08-10 16:15:00', '2025-08-10', 'Мэрия', 12340, 'Сосед', 'Попытка проникновения', 'Принят'),
 ('2025-08-10 22:25:00', '2025-08-10', 'Стадион', 12341, 'Житель', 'Попытка проникновения', 'Принят'),
 ('2025-08-10 14:20:00', '2025-08-10', 'Стадион', 12342, 'Диспетчер', 'Потасовка в зале', 'Принят');


 CREATE TABLE enter (
 datetime TIMESTAMP,
 date DATE,
 invitation_id INTEGER
);

CREATE TABLE exit (
 datetime TIMESTAMP,
 date DATE,
 invitation_id INTEGER
);

INSERT INTO enter (datetime, date, invitation_id) VALUES
 ('2025-08-10 22:00:00', '2025-08-10', 1282),
 ('2025-08-10 22:01:00', '2025-08-10', 1257),
 ('2025-08-10 22:03:00', '2025-08-10', 1268),
 ('2025-08-10 22:03:00', '2025-08-10', 1295),
 ('2025-08-10 22:05:00', '2025-08-10', 1217),
 ('2025-08-10 22:05:00', '2025-08-10', 1222),
 ('2025-08-10 22:06:00', '2025-08-10', 1266),
 ('2025-08-10 22:07:00', '2025-08-10', 1300),
 ('2025-08-10 22:11:00', '2025-08-10', 1238),
 ('2025-08-10 22:11:00', '2025-08-10', 1286),
 ('2025-08-10 22:12:00', '2025-08-10', 1283),
 ('2025-08-10 22:13:00', '2025-08-10', 1220),
 ('2025-08-10 22:13:00', '2025-08-10', 1245),
 ('2025-08-10 22:13:00', '2025-08-10', 1263),
 ('2025-08-10 22:13:00', '2025-08-10', 1278),
 ('2025-08-10 22:15:00', '2025-08-10', 1232),
 ('2025-08-10 22:16:00', '2025-08-10', 1202),
 ('2025-08-10 22:16:00', '2025-08-10', 1250),
 ('2025-08-10 22:17:00', '2025-08-10', 1207),
 ('2025-08-10 22:17:00', '2025-08-10', 1240),
 ('2025-08-10 22:21:00', '2025-08-10', 1297),
 ('2025-08-10 22:24:00', '2025-08-10', 1213),
 ('2025-08-10 22:26:00', '2025-08-10', 1212),
 ('2025-08-10 22:27:00', '2025-08-10', 1280),
 ('2025-08-10 22:28:00', '2025-08-10', 1236),
 ('2025-08-10 22:29:00', '2025-08-10', 1227),
 ('2025-08-10 22:34:00', '2025-08-10', 1261),
 ('2025-08-10 22:34:00', '2025-08-10', 1274),
 ('2025-08-10 22:34:00', '2025-08-10', 1281),
 ('2025-08-10 22:34:00', '2025-08-10', 1293),
 ('2025-08-10 22:35:00', '2025-08-10', 1255),
 ('2025-08-10 22:38:00', '2025-08-10', 1270),
 ('2025-08-10 22:38:00', '2025-08-10', 1299),
 ('2025-08-10 22:41:00', '2025-08-10', 1206),
 ('2025-08-10 22:43:00', '2025-08-10', 1253),
 ('2025-08-10 22:44:00', '2025-08-10', 1290),
 ('2025-08-10 22:46:00', '2025-08-10', 1252),
 ('2025-08-10 22:47:00', '2025-08-10', 1269),
 ('2025-08-10 22:48:00', '2025-08-10', 1211),
 ('2025-08-10 22:49:00', '2025-08-10', 1241),
 ('2025-08-10 22:51:00', '2025-08-10', 1223),
 ('2025-08-10 22:52:00', '2025-08-10', 1248),
 ('2025-08-10 22:52:00', '2025-08-10', 1272),
 ('2025-08-10 22:52:00', '2025-08-10', 1288),
 ('2025-08-10 22:53:00', '2025-08-10', 1226),
 ('2025-08-10 22:54:00', '2025-08-10', 1291),
 ('2025-08-10 22:57:00', '2025-08-10', 1265),
 ('2025-08-10 22:58:00', '2025-08-10', 1285),
 ('2025-08-10 22:59:00', '2025-08-10', 1230),
 ('2025-08-10 22:59:00', '2025-08-10', 1258),
 ('2025-08-10 22:59:00', '2025-08-10', 1294),
 ('2025-08-10 23:01:00', '2025-08-10', 1254),
 ('2025-08-10 23:02:00', '2025-08-10', 1234),
 ('2025-08-10 23:03:00', '2025-08-10', 1225),
 ('2025-08-10 23:03:00', '2025-08-10', 1242),
 ('2025-08-10 23:03:00', '2025-08-10', 1298),
 ('2025-08-10 23:06:00', '2025-08-10', 1221),
 ('2025-08-10 23:08:00', '2025-08-10', 1228),
 ('2025-08-10 23:09:00', '2025-08-10', 1205),
 ('2025-08-10 23:09:00', '2025-08-10', 1267),
 ('2025-08-10 23:10:00', '2025-08-10', 1244),
 ('2025-08-10 23:11:00', '2025-08-10', 1237),
 ('2025-08-10 23:12:00', '2025-08-10', 1275),
 ('2025-08-10 23:13:00', '2025-08-10', 1224),
 ('2025-08-10 23:13:00', '2025-08-10', 1260),
 ('2025-08-10 23:17:00', '2025-08-10', 1209),
 ('2025-08-10 23:20:00', '2025-08-10', 1247),
 ('2025-08-10 23:20:00', '2025-08-10', 1264),
 ('2025-08-10 23:22:00', '2025-08-10', 1219),
 ('2025-08-10 23:26:00', '2025-08-10', 1215),
 ('2025-08-10 23:26:00', '2025-08-10', 1231),
 ('2025-08-10 23:28:00', '2025-08-10', 1229),
 ('2025-08-10 23:28:00', '2025-08-10', 1246),
 ('2025-08-10 23:29:00', '2025-08-10', 1251),
 ('2025-08-10 23:31:00', '2025-08-10', 1284),
 ('2025-08-10 23:31:00', '2025-08-10', 1287),
 ('2025-08-10 23:31:00', '2025-08-10', 1289),
 ('2025-08-10 23:32:00', '2025-08-10', 1210),
 ('2025-08-10 23:32:00', '2025-08-10', 1233),
 ('2025-08-10 23:32:00', '2025-08-10', 1262),
 ('2025-08-10 23:32:00', '2025-08-10', 1296),
 ('2025-08-10 23:33:00', '2025-08-10', 1204),
 ('2025-08-10 23:34:00', '2025-08-10', 1273),
 ('2025-08-10 23:35:00', '2025-08-10', 1276),
 ('2025-08-10 23:39:00', '2025-08-10', 1277),
 ('2025-08-10 23:41:00', '2025-08-10', 1208),
 ('2025-08-10 23:49:00', '2025-08-10', 1259),
 ('2025-08-10 23:42:00', '2025-08-10', 1235),
 ('2025-08-10 23:43:00', '2025-08-10', 1214),
 ('2025-08-10 23:43:00', '2025-08-10', 1239),
 ('2025-08-10 23:43:00', '2025-08-10', 1249),
 ('2025-08-10 23:45:00', '2025-08-10', 1256),
 ('2025-08-10 23:47:00', '2025-08-10', 1203),
 ('2025-08-10 23:47:00', '2025-08-10', 1292),
 ('2025-08-10 23:48:00', '2025-08-10', 1216),
 ('2025-08-10 23:48:00', '2025-08-10', 1279),
 ('2025-08-10 23:49:00', '2025-08-10', 1243),
 ('2025-08-10 23:55:00', '2025-08-10', 1218);

INSERT INTO exit (datetime, date, invitation_id) VALUES
 ('2025-08-10 22:05:00', '2025-08-10', 1282),
 ('2025-08-10 22:07:00', '2025-08-10', 1257),
 ('2025-08-10 22:08:00', '2025-08-10', 1268),
 ('2025-08-10 22:09:00', '2025-08-10', 1217),
 ('2025-08-10 22:09:00', '2025-08-10', 1295),
 ('2025-08-10 22:10:00', '2025-08-10', 1266),
 ('2025-08-10 22:11:00', '2025-08-10', 1222),
 ('2025-08-10 22:11:00', '2025-08-10', 1300),
 ('2025-08-10 22:16:00', '2025-08-10', 1238),
 ('2025-08-10 22:16:00', '2025-08-10', 1286),
 ('2025-08-10 22:17:00', '2025-08-10', 1245),
 ('2025-08-10 22:17:00', '2025-08-10', 1283),
 ('2025-08-10 22:18:00', '2025-08-10', 1278),
 ('2025-08-10 22:19:00', '2025-08-10', 1220),
 ('2025-08-10 22:19:00', '2025-08-10', 1263),
 ('2025-08-10 22:20:00', '2025-08-10', 1250),
 ('2025-08-10 22:21:00', '2025-08-10', 1202),
 ('2025-08-10 22:21:00', '2025-08-10', 1207),
 ('2025-08-10 22:21:00', '2025-08-10', 1232),
 ('2025-08-10 22:22:00', '2025-08-10', 1240),
 ('2025-08-10 22:27:00', '2025-08-10', 1297),
 ('2025-08-10 22:29:00', '2025-08-10', 1213),
 ('2025-08-10 22:31:00', '2025-08-10', 1212),
 ('2025-08-10 22:33:00', '2025-08-10', 1280),
 ('2025-08-10 22:34:00', '2025-08-10', 1236),
 ('2025-08-10 22:35:00', '2025-08-10', 1227),
 ('2025-08-10 22:38:00', '2025-08-10', 1261),
 ('2025-08-10 22:38:00', '2025-08-10', 1274),
 ('2025-08-10 22:38:00', '2025-08-10', 1281),
 ('2025-08-10 22:39:00', '2025-08-10', 1255),
 ('2025-08-10 22:39:00', '2025-08-10', 1293),
 ('2025-08-10 22:42:00', '2025-08-10', 1270),
 ('2025-08-10 22:44:00', '2025-08-10', 1299),
 ('2025-08-10 22:45:00', '2025-08-10', 1206),
 ('2025-08-10 22:47:00', '2025-08-10', 1253),
 ('2025-08-10 22:50:00', '2025-08-10', 1290),
 ('2025-08-10 22:51:00', '2025-08-10', 1252),
 ('2025-08-10 22:51:00', '2025-08-10', 1269),
 ('2025-08-10 22:54:00', '2025-08-10', 1211),
 ('2025-08-10 22:54:00', '2025-08-10', 1241),
 ('2025-08-10 22:56:00', '2025-08-10', 1223),
 ('2025-08-10 22:56:00', '2025-08-10', 1248),
 ('2025-08-10 22:57:00', '2025-08-10', 1226),
 ('2025-08-10 22:57:00', '2025-08-10', 1272),
 ('2025-08-10 22:57:00', '2025-08-10', 1288),
 ('2025-08-10 23:00:00', '2025-08-10', 1291),
 ('2025-08-10 23:03:00', '2025-08-10', 1230),
 ('2025-08-10 23:03:00', '2025-08-10', 1258),
 ('2025-08-10 23:03:00', '2025-08-10', 1265),
 ('2025-08-10 23:03:00', '2025-08-10', 1285),
 ('2025-08-10 23:03:00', '2025-08-10', 1294),
 ('2025-08-10 23:05:00', '2025-08-10', 1254),
 ('2025-08-10 23:07:00', '2025-08-10', 1234),
 ('2025-08-10 23:09:00', '2025-08-10', 1225),
 ('2025-08-10 23:09:00', '2025-08-10', 1242),
 ('2025-08-10 23:09:00', '2025-08-10', 1298),
 ('2025-08-10 23:11:00', '2025-08-10', 1221),
 ('2025-08-10 23:13:00', '2025-08-10', 1205),
 ('2025-08-10 23:13:00', '2025-08-10', 1228),
 ('2025-08-10 23:15:00', '2025-08-10', 1244),
 ('2025-08-10 23:15:00', '2025-08-10', 1267),
 ('2025-08-10 23:16:00', '2025-08-10', 1237),
 ('2025-08-10 23:16:00', '2025-08-10', 1275),
 ('2025-08-10 23:17:00', '2025-08-10', 1224),
 ('2025-08-10 23:17:00', '2025-08-10', 1260),
 ('2025-08-10 23:23:00', '2025-08-10', 1209),
 ('2025-08-10 23:24:00', '2025-08-10', 1247),
 ('2025-08-10 23:24:00', '2025-08-10', 1264),
 ('2025-08-10 23:28:00', '2025-08-10', 1219),
 ('2025-08-10 23:30:00', '2025-08-10', 1215),
 ('2025-08-10 23:30:00', '2025-08-10', 1231),
 ('2025-08-10 23:34:00', '2025-08-10', 1229),
 ('2025-08-10 23:34:00', '2025-08-10', 1246),
 ('2025-08-10 23:35:00', '2025-08-10', 1251),
 ('2025-08-10 23:35:00', '2025-08-10', 1287),
 ('2025-08-10 23:37:00', '2025-08-10', 1262),
 ('2025-08-10 23:37:00', '2025-08-10', 1284),
 ('2025-08-10 23:37:00', '2025-08-10', 1289),
 ('2025-08-10 23:37:00', '2025-08-10', 1296),
 ('2025-08-10 23:38:00', '2025-08-10', 1204),
 ('2025-08-10 23:38:00', '2025-08-10', 1210),
 ('2025-08-10 23:38:00', '2025-08-10', 1233),
 ('2025-08-10 23:39:00', '2025-08-10', 1273),
 ('2025-08-10 23:39:00', '2025-08-10', 1276),
 ('2025-08-10 23:43:00', '2025-08-10', 1277),
 ('2025-08-10 23:45:00', '2025-08-10', 1201),
 ('2025-08-10 23:45:00', '2025-08-10', 1259),
 ('2025-08-10 23:46:00', '2025-08-10', 1271),
 ('2025-08-10 23:47:00', '2025-08-10', 1208),
 ('2025-08-10 23:47:00', '2025-08-10', 1235),
 ('2025-08-10 23:49:00', '2025-08-10', 1214),
 ('2025-08-10 23:49:00', '2025-08-10', 1239),
 ('2025-08-10 23:49:00', '2025-08-10', 1249),
 ('2025-08-10 23:49:00', '2025-08-10', 1256),
 ('2025-08-10 23:52:00', '2025-08-10', 1216),
 ('2025-08-10 23:53:00', '2025-08-10', 1203),
 ('2025-08-10 23:53:00', '2025-08-10', 1279),
 ('2025-08-10 23:53:00', '2025-08-10', 1292),
 ('2025-08-10 23:54:00', '2025-08-10', 1243),
 ('2025-08-10 23:59:00', '2025-08-10', 1218);


 CREATE TABLE forbes_actives (
 city TEXT,
 person_id INTEGER,
 asset TEXT,
 value INTEGER
);

CREATE TABLE forbes_person (
 person_id INTEGER,
 name TEXT,
 spouse TEXT,
 children TEXT
);

INSERT INTO forbes_person (person_id, name, spouse, children) VALUES
 (4224, 'Питер Перес', 'Маргарет Ли', 'Амелия Томпсон'),
 (4235, 'Томас Дэвис', 'Лиза Харрис', 'Амелия Мартин'),
 (4231, 'Дэниел Дэвис', 'Мэри Джексон', 'Итан Дэвис'),
 (4210, 'Роберт Перес', 'Николь Смит', 'Миа Миллер'),
 (4248, 'Дэниел Джексон', 'Сандра Ли', 'Софи Миллер'),
 (4211, 'Джордж Уилсон', 'Бетти Тейлор', 'Миа Харрис'),
 (4216, 'Джордж Браун', 'Бетти Тейлор', 'Алан Мур'),
 (4228, 'Питер Джонсон', 'Аманда Мур', 'Амелия Джонсон'),
 (4229, 'Стивен Перес', 'Бетти Смит', 'Итан Тейлор'),
 (4242, 'Роберт Гарсия', 'Патриша Джонсон', 'Лиам Мур'),
 (4238, 'Томас Тейлор', 'Патриша Томпсон', 'Логан Андерсон'),
 (4230, 'Кевин Гарсия', 'Линда Уильямс', 'Софи Джонсон'),
 (4208, 'Брайан Томпсон', 'Нэнси Харрис', 'Хлоя Томпсон'),
 (4200, 'Майкл Джонсон', 'Сара Уильямс', 'Хлоя Джонсон'),
 (4246, 'Дэвид Андерсон', 'Джессика Перес', 'Логан Джонс'),
 (4219, 'Эндрю Миллер', 'Мэри Ли', 'Мэйсон Йорк'),
 (4212, 'Джон Мур', 'Аманда Мартин', 'Мэйсон Перес'),
 (4221, 'Эдвард Йорк', 'Николь Йорк', 'Оливия Браун'),
 (4243, 'Эдвард Харрис', 'Эмили Миллер', 'Миа Мартин'),
 (4247, 'Майкл Миллер', 'Николь Тейлор', 'Мэйсон Ли'),
 (4222, 'Кевин Джонсон', 'Мэри Гарсия', 'Мэйсон Йорк'),
 (4249, 'Питер Уилсон', 'Лиза Харрис', 'Алан Уильямс'),
 (4207, 'Чарльз Родригес', 'Лиза Мур', 'Мэйсон Андерсон'),
 (4239, 'Уильям Джексон', 'Аманда Уильямс', 'Лиам Миллер'),
 (4218, 'Ричард Браун', 'Эшли Томпсон', 'Алан Гарсия'),
 (4233, 'Стивен Тейлор', 'Эшли Мур', 'Лиам Родригес'),
 (4201, 'Генри Дэвис', 'Карен Джонсон', 'Ноа Перес'),
(4214, 'Джон Йорк', 'Джессика Йорк', 'Алан Йорк'),
 (4240, 'Стивен Мартин', 'Мэри Уильямс', 'Софи Гарсия'),
 (4217, 'Стивен Джонсон', 'Нэнси Гарсия', 'Эмма Браун'),
 (4236, 'Питер Ли', 'Эшли Джонс', 'Дилан Мартин'),
 (4215, 'Алан Мартин', 'Кимберли Йорк', 'Оливия Перес'),
 (4244, 'Дэниел Браун', 'Патриша Джексон', 'Эмма Джексон'),
 (4226, 'Генри Мур', 'Лиза Браун', 'Мэйсон Ли'),
 (4227, 'Дэвид Джонсон', 'Джейми Йорк', 'Мэйсон Джексон'),
 (4205, 'Питер Андерсон', 'Кимберли Родригес', 'Алан Томпсон'),
 (4202, 'Алан Уилсон', 'Эмили Гарсия', 'Логан Харрис'),
 (4213, 'Стивен Родригес', 'Кимберли Мартин', 'Алан Браун'),
 (4232, 'Эндрю Джонсон', 'Линда Мартин', 'Логан Браун'),
 (4245, 'Ричард Дэвис', 'Барбара Ли', 'Миа Харрис'),
 (4237, 'Роберт Джонс', 'Джейми Джексон', 'Итан Ли'),
 (4223, 'Уильям Мур', 'Нэнси Дэвис', 'Дилан Уилсон'),
 (4206, 'Эдвард Уильямс', 'Николь Миллер', 'Миа Уильямс'),
 (4234, 'Дэниел Тейлор', 'Барбара Тейлор', 'Дилан Дэвис'),
 (4204, 'Джон Браун', 'Барбара Миллер', 'Лиам Гарсия'),
 (4203, 'Брайан Джонс', 'Кимберли Мур', 'Дилан Уильямс'),
 (4241, 'Ричард Харрис', 'Лиза Йорк', 'Оливия Ли'),
 (4225, 'Майкл Родригес', 'Джессика Гарсия', 'Алан Джонсон'),
 (4209, 'Кевин Перес', 'Эшли Гарсия', 'Оливия Уилсон'),
 (4220, 'Алан Джонс', 'Патриша Харрис', 'Лиам Гарсия');

INSERT INTO forbes_actives (city, person_id, asset, value) VALUES
 ('Бостон', 4224, 'Логистика', 4143716558),
 ('Хьюстон', 4235, 'Технологии', 5265078399),
 ('Бостон', 4231, 'Авиакомпания', 1889442528),
 ('Остин', 4210, 'Энергетика', 1457122900),
 ('Чикаго', 4248, 'Ритейл', 414051309),
 ('Майами', 4211, 'Банк', 5058310489),
 ('Сиэтл', 4216, 'Авиакомпания', 5482057168),
 ('Сан-Франциско', 4228, 'Энергетика', 5338089829),
 ('Нью-Йорк', 4229, 'Ритейл', 3900757764),
 ('Сан-Франциско', 4242, 'Завод', 5088458736),
 ('Остин', 4238, 'Логистика', 1834349671),
 ('Остин', 4230, 'Завод', 1631648885),
 ('Нью-Йорк', 4208, 'Медиа', 183678549),
 ('Хьюстон', 4200, 'Энергетика', 177661511),
 ('Сиэтл', 4246, 'Логистика', 2779746384),
 ('Хьюстон', 4219, 'Банк', 4879654156),
 ('Чикаго', 4212, 'Банк', 461040387),
 ('Майами', 4221, 'Недвижимость', 879757289),
 ('Сан-Франциско', 4243, 'Ритейл', 4163045762),
 ('Остин', 4247, 'Авиакомпания', 1504662647),
 ('Майами', 4222, 'Недвижимость', 887456633),
 ('Нью-Йорк', 4249, 'Технологии', 4130181318),
 ('Нью-Йорк', 4207, 'Технологии', 4754638699),
 ('Чикаго', 4239, 'Банк', 5530775654),
 ('Нью-Йорк', 4218, 'Энергетика', 149591106),
 ('Хьюстон', 4233, 'Ритейл', 5545416146),
 ('Сан-Франциско', 4201, 'Недвижимость', 5419042827),
 ('Нью-Йорк', 4240, 'Авиакомпания', 1224831725),
 ('Сан-Франциско', 4217, 'Завод', 4103969892),
 ('Майами', 4236, 'Логистика', 3362020162),
 ('Майами', 4215, 'Энергетика', 864074176),
 ('Сиэтл', 4244, 'Недвижимость', 4371340630),
 ('Лос-Анджелес', 4226, 'Недвижимость', 4474140285),
 ('Хьюстон', 4227, 'Логистика', 4300699764),
 ('Хьюстон', 4205, 'Энергетика', 5450152794),
 ('Бостон', 4202, 'Банк', 2892183989),
 ('Бостон', 4213, 'Логистика', 2276199605),
 ('Чикаго', 4232, 'Завод', 1571905175),
 ('Сан-Франциско', 4245, 'Ритейл', 4349604144),
 ('Лос-Анджелес', 4237, 'Авиакомпания', 161225318),
 ('Майами', 4223, 'Ритейл', 801138477),
 ('Нью-Йорк', 4206, 'Ритейл', 5605861518),
 ('Чикаго', 4234, 'Технологии', 294293562),
 ('Сан-Франциско', 4204, 'Авиакомпания', 1255503871),
 ('Лос-Анджелес', 4203, 'Технологии', 5958942470),
 ('Сиэтл', 4241, 'Логистика', 1489567515),
 ('Лос-Анджелес', 4225, 'Технологии', 1035726744),
 ('Сан-Франциско', 4209, 'Недвижимость', 1540243341),
 ('Нью-Йорк', 4220, 'Энергетика', 5592957690),
 ('Чикаго', 4223, 'Завод', 121262379),
('Лос-Анджелес', 4214, 'Недвижимость', 4200000000),
('Лос-Анджелес', 4214, 'Банк', 12800000000),
('Лос-Анджелес', 4214, 'Авиакомпания', 16300000000),
('Лос-Анджелес', 4214, 'Завод', 3800000000),
 ('Нью-Йорк', 4219, 'Авиакомпания', 278958209),
 ('Майами', 4235, 'Технологии', 2804411549),
 ('Финикс', 4248, 'Логистика', 2662202726),
 ('Сиэтл', 4209, 'Энергетика', 741939352),
 ('Финикс', 4241, 'Авиакомпания', 4583035614),
 ('Хьюстон', 4203, 'Ритейл', 4993288922),
 ('Хьюстон', 4226, 'Фармацевтика', 3556064028),
 ('Финикс', 4234, 'Завод', 465466111),
 ('Сиэтл', 4228, 'Банк', 4613067092),
 ('Хьюстон', 4235, 'Завод', 2201503087),
 ('Бостон', 4224, 'Банк', 2398665724),
 ('Хьюстон', 4206, 'Банк', 2135206438),
 ('Майами', 4210, 'Завод', 981402583),
 ('Бостон', 4225, 'Энергетика', 3731529081),
 ('Бостон', 4210, 'Технологии', 3394111535),
 ('Чикаго', 4245, 'Банк', 2675714528),
 ('Майами', 4222, 'Технологии', 673124782),
 ('Лос-Анджелес', 4236, 'Энергетика', 2986224805),
 ('Чикаго', 4204, 'Энергетика', 2318503913),
 ('Бостон', 4217, 'Энергетика', 3394969054),
 ('Чикаго', 4205, 'Технологии', 4301018061),
 ('Лос-Анджелес', 4236, 'Технологии', 2071264698),
 ('Бостон', 4244, 'Технологии', 1761501010),
 ('Нью-Йорк', 4208, 'Фармацевтика', 487848844),
 ('Хьюстон', 4225, 'Технологии', 4191988595),
 ('Финикс', 4228, 'Логистика', 4878913729),
 ('Чикаго', 4207, 'Энергетика', 2187958217),
 ('Сан-Франциско', 4235, 'Недвижимость', 4180045285),
 ('Бостон', 4234, 'Ритейл', 704332896),
 ('Остин', 4249, 'Медиа', 4914268996),
 ('Лос-Анджелес', 4222, 'Медиа', 3324378145),
 ('Нью-Йорк', 4218, 'Завод', 3162412897),
 ('Майами', 4225, 'Технологии', 1698681340),
 ('Остин', 4218, 'Фармацевтика', 428138489),
 ('Майами', 4201, 'Недвижимость', 1305329785),
 ('Майами', 4231, 'Авиакомпания', 1241293139),
 ('Сиэтл', 4244, 'Завод', 3420798459),
 ('Лос-Анджелес', 4201, 'Ритейл', 2458916945),
 ('Нью-Йорк', 4241, 'Недвижимость', 1864741984),
 ('Сан-Франциско', 4245, 'Технологии', 2185529091),
 ('Сан-Франциско', 4205, 'Авиакомпания', 2128015216),
 ('Майами', 4222, 'Технологии', 2903831218),
 ('Чикаго', 4218, 'Технологии', 2972800510),
 ('Сан-Франциско', 4216, 'Авиакомпания', 422855251),
 ('Бостон', 4244, 'Логистика', 1045001277),
 ('Бостон', 4222, 'Ритейл', 4994527826);


 CREATE TABLE mortuary_city_hall (
 datetime TIMESTAMP,
 body_id INTEGER,
 sex TEXT,
 condition TEXT
);

INSERT INTO mortuary_city_hall (datetime, body_id, sex, condition) VALUES
 ('2025-08-08 00:34:00', 1509, 'Женщина', 'Смерть от естественных причин'),
 ('2025-08-08 00:40:00', 1639, 'Мужчина', 'Смерть от естественных причин'),
 ('2025-08-08 00:53:00', 1391, 'Мужчина', 'Смерть от естественных причин'),
 ('2025-08-08 03:14:00', 1921, 'Мужчина', 'Смерть от естественных причин'),
 ('2025-08-08 04:22:00', 1938, 'Женщина', 'Смерть от естественных причин'),
 ('2025-08-08 05:18:00', 1176, 'Женщина', 'Несчастный случай на работе'),
 ('2025-08-08 05:33:00', 1562, 'Мужчина', 'ДТП'),
 ('2025-08-08 08:10:00', 1453, 'Женщина', 'ДТП'),
 ('2025-08-08 08:36:00', 1821, 'Мужчина', 'ДТП'),
 ('2025-08-08 08:42:00', 1402, 'Женщина', 'Смерть от естественных причин'),
 ('2025-08-08 09:07:00', 1396, 'Мужчина', 'Смерть от естественных причин'),
 ('2025-08-08 11:03:00', 1798, 'Женщина', 'Смерть от естественных причин'),
 ('2025-08-08 11:17:00', 1075, 'Мужчина', 'Выстрел'),
 ('2025-08-08 12:58:00', 1082, 'Мужчина', 'Смерть от естественных причин'),
 ('2025-08-08 13:18:00', 1720, 'Мужчина', 'Падение с высоты'),
 ('2025-08-08 13:27:00', 1584, 'Мужчина', 'Смерть от естественных причин'),
 ('2025-08-08 15:05:00', 1325, 'Мужчина', 'Выстрел'),
 ('2025-08-08 17:26:00', 1427, 'Мужчина', 'Смерть от естественных причин'),
 ('2025-08-08 17:55:00', 1697, 'Мужчина', 'Смерть от естественных причин'),
 ('2025-08-08 21:12:00', 1966, 'Женщина', 'Несчастный случай на работе'),
 ('2025-08-08 23:30:00', 1238, 'Женщина', 'Смерть от естественных причин'),
 ('2025-08-09 00:35:00', 1035, 'Женщина', 'Смерть от естественных причин'),
 ('2025-08-09 02:19:00', 1819, 'Мужчина', 'Смерть от естественных причин'),
 ('2025-08-09 03:59:00', 1834, 'Мужчина', 'Смерть от естественных причин'),
 ('2025-08-09 04:14:00', 1520, 'Женщина', 'Смерть от естественных причин'),
 ('2025-08-09 04:29:00', 1029, 'Женщина', 'Несчастный случай на работе'),
 ('2025-08-09 05:38:00', 1713, 'Мужчина', 'Смерть от естественных причин'),
 ('2025-08-09 05:54:00', 1206, 'Женщина', 'ДТП'),
 ('2025-08-09 06:13:00', 1159, 'Женщина', 'Несчастный случай дома'),
 ('2025-08-09 06:16:00', 1096, 'Мужчина', 'Смерть от естественных причин'),
 ('2025-08-09 09:08:00', 1361, 'Женщина', 'ДТП'),
 ('2025-08-09 10:09:00', 1631, 'Мужчина', 'Передозировка'),
 ('2025-08-09 10:35:00', 1704, 'Женщина', 'Смерть от естественных причин'),
 ('2025-08-09 10:50:00', 1252, 'Женщина', 'Утонул'),
 ('2025-08-09 15:40:00', 1460, 'Мужчина', 'Несчастный случай на работе'),
 ('2025-08-09 16:11:00', 1816, 'Женщина', 'Смерть от естественных причин'),
 ('2025-08-09 17:21:00', 1498, 'Мужчина', 'Смерть от естественных причин'),
 ('2025-08-09 18:33:00', 1847, 'Мужчина', 'Выстрел'),
 ('2025-08-09 22:02:00', 1707, 'Женщина', 'Смерть от естественных причин'),
 ('2025-08-09 22:33:00', 1100, 'Женщина', 'Смерть от естественных причин'),
 ('2025-08-09 22:41:00', 1656, 'Женщина', 'Смерть от естественных причин'),
 ('2025-08-10 00:31:00', 1580, 'Мужчина', 'Смерть от естественных причин'),
 ('2025-08-10 00:31:00', 1566, 'Мужчина', 'Передозировка'),
 ('2025-08-10 02:20:00', 1060, 'Мужчина', 'Падение с высоты'),
 ('2025-08-10 10:57:00', 1278, 'Мужчина', 'Несчастный случай на работе'),
 ('2025-08-10 14:46:00', 1911, 'Мужчина', 'Смерть от естественных причин'),
 ('2025-08-10 19:06:00', 1513, 'Женщина', 'Выстрел'),
 ('2025-08-10 21:03:00', 1230, 'Мужчина', 'ДТП'),
 ('2025-08-11 00:03:00', 1915, 'Женщина', 'Смерть от естественных причин'),
 ('2025-08-11 00:28:00', 1344, 'Женщина', 'Ножевые ранения, следы удушения');


 CREATE TABLE mortuary_city_hall_contacts (
 contact_datetime TIMESTAMP,
 contact_type TEXT,
 body_id INTEGER,
 contact_person TEXT,
 contact_id INTEGER
);

INSERT INTO mortuary_city_hall_contacts (contact_datetime, contact_type, body_id, contact_person, contact_id) VALUES
 ('2025-08-08 07:08:00', 'Осмотр', 1096, 'Патриша Родригес', 33882),
 ('2025-08-08 05:12:00', 'Осмотр', 1697, 'Кимберли Тейлор', 35791),
 ('2025-08-08 07:05:00', 'Изъятие тела', 1176, 'Эмили Харрис', 35734),
 ('2025-08-09 09:28:00', 'Изъятие тела', 1029, 'Барбара Уильямс', 37895),
 ('2025-08-10 03:33:00', 'Изъятие тела', 1029, 'Сара Джексон', 33835),
 ('2025-08-08 05:59:00', 'Изъятие тела', 1821, 'Дэниел Джонс', 39472),
 ('2025-08-08 02:53:00', 'Осмотр', 1562, 'Мишель Ли', 35173),
 ('2025-08-10 16:04:00', 'Изъятие тела', 1966, 'Эндрю Тейлор', 37273),
 ('2025-08-10 17:56:00', 'Изъятие тела', 1720, 'Сандра Мартинис', 39630),
 ('2025-08-09 19:02:00', 'Изъятие тела', 1513, 'Маргарет Мур', 38610),
 ('2025-08-11 01:31:00', 'Вскрытие', 1821, 'Джейми Ли', 37264),
 ('2025-08-10 09:16:00', 'Осмотр', 1639, 'Роберт Гарсия', 38945),
 ('2025-08-08 11:16:00', 'Осмотр', 1821, 'Пол Гарсия', 35743),
 ('2025-08-09 22:00:00', 'Вскрытие', 1513, 'Дэвид Джексон', 36175),
 ('2025-08-09 21:53:00', 'Изъятие тела', 1252, 'Николь Уильямс', 39812),
 ('2025-08-10 01:37:00', 'Изъятие тела', 1460, 'Стивен Томпсон', 37358),
 ('2025-08-10 20:24:00', 'Вскрытие', 1075, 'Брайан Ли', 39260),
 ('2025-08-09 07:51:00', 'Вскрытие', 1584, 'Эдвард Джонс', 37394),
 ('2025-08-10 12:41:00', 'Осмотр', 1938, 'Карен Джонсон', 33083),
 ('2025-08-08 18:23:00', 'Осмотр', 1252, 'Майкл Родригес', 39544),
 ('2025-08-10 00:03:00', 'Вскрытие', 1391, 'Барбара Мур', 33002),
 ('2025-08-08 14:49:00', 'Вскрытие', 1082, 'Маргарет Андерсон', 38792),
 ('2025-08-08 12:07:00', 'Изъятие тела', 1562, 'Джон Харрис', 36092),
 ('2025-08-08 10:01:00', 'Вскрытие', 1847, 'Линда Смит', 35641),
 ('2025-08-09 11:50:00', 'Осмотр', 1060, 'Кимберли Тейлор', 36392),
 ('2025-08-09 23:33:00', 'Изъятие тела', 1816, 'Джордж Мур', 33526),
 ('2025-08-08 19:39:00', 'Осмотр', 1821, 'Питер Уильямс', 39756),
 ('2025-08-08 07:48:00', 'Вскрытие', 1509, 'Эшли Мартин', 34197),
 ('2025-08-09 15:45:00', 'Осмотр', 1498, 'Чарльз Харрис', 35766),
 ('2025-08-10 22:36:00', 'Изъятие тела', 1816, 'Джордж Мартинис', 36164),
 ('2025-08-10 11:00:00', 'Изъятие тела', 1921, 'Чарльз Джексон', 38475),
 ('2025-08-08 02:48:00', 'Осмотр', 1566, 'Сьюзан Мартин', 36514),
 ('2025-08-08 03:51:00', 'Изъятие тела', 1656, 'Сара Перес', 37216),
 ('2025-08-11 03:59:00', 'Изъятие тела', 1453, 'Маргарет Браун', 37468),
 ('2025-08-10 02:22:00', 'Изъятие тела', 1707, 'Эмили Уильямс', 35226),
 ('2025-08-10 21:07:00', 'Изъятие тела', 1278, 'Сара Родригес', 36261),
 ('2025-08-08 05:52:00', 'Вскрытие', 1096, 'Генри Перес', 34634),
 ('2025-08-08 02:20:00', 'Изъятие тела', 1391, 'Мишель Дэвис', 33697),
 ('2025-08-09 19:17:00', 'Изъятие тела', 1453, 'Кимберли Харрис', 34093),
 ('2025-08-11 00:56:00', 'Изъятие тела', 1584, 'Лиза Томпсон', 39364),
 ('2025-08-08 03:51:00', 'Осмотр', 1911, 'Мишель Ли', 35789),
 ('2025-08-10 06:02:00', 'Изъятие тела', 1639, 'Чарльз Тейлор', 38200),
 ('2025-08-08 00:48:00', 'Вскрытие', 1720, 'Лиза Тейлор', 38699),
 ('2025-08-08 16:42:00', 'Вскрытие', 1075, 'Аманда Джексон', 35964),
 ('2025-08-10 09:26:00', 'Осмотр', 1460, 'Алан Джексон', 35810),
 ('2025-08-09 02:16:00', 'Изъятие тела', 1509, 'Уильям Мур', 36074),
 ('2025-08-10 20:19:00', 'Осмотр', 1238, 'Кимберли Томпсон', 36018),
 ('2025-08-08 09:26:00', 'Осмотр', 1159, 'Пол Перес', 39715),
 ('2025-08-09 19:59:00', 'Изъятие тела', 1509, 'Уильям Мартинис', 36181),
 ('2025-08-09 16:45:00', 'Изъятие тела', 1580, 'Мишель Тейлор', 34987),
 ('2025-08-10 12:48:00', 'Осмотр', 1566, 'Мишель Мартинис', 35818),
 ('2025-08-09 09:55:00', 'Вскрытие', 1580, 'Маргарет Мартинис', 35252),
 ('2025-08-09 22:02:00', 'Изъятие тела', 1238, 'Томас Смит', 36507),
 ('2025-08-10 19:46:00', 'Вскрытие', 1176, 'Нэнси Харрис', 33350),
('2025-08-11 04:52:00', 'Изъятие тела', 1344, 'А. Й.', 33214),
 ('2025-08-10 16:12:00', 'Вскрытие', 1206, 'Сара Андерсон', 34809),
 ('2025-08-08 04:23:00', 'Осмотр', 1639, 'Джейми Мартин', 38781),
 ('2025-08-08 01:54:00', 'Осмотр', 1915, 'Мэри Дэвис', 38636),
 ('2025-08-08 08:33:00', 'Осмотр', 1396, 'Джордж Мур', 35929),
 ('2025-08-10 10:01:00', 'Изъятие тела', 1720, 'Джон Ли', 38519),
 ('2025-08-08 22:29:00', 'Изъятие тела', 1060, 'Кевин Перес', 34359),
 ('2025-08-11 00:31:00', 'Изъятие тела', 1402, 'Лиза Джексон', 34836),
 ('2025-08-09 14:33:00', 'Вскрытие', 1096, 'Джеймс Джексон', 38020),
 ('2025-08-11 02:24:00', 'Вскрытие', 1391, 'Генри Перес', 33555),
 ('2025-08-10 05:34:00', 'Осмотр', 1566, 'Томас Джонсон', 37669),
 ('2025-08-10 11:04:00', 'Вскрытие', 1562, 'Сандра Андерсон', 34260),
 ('2025-08-10 19:20:00', 'Изъятие тела', 1252, 'Алан Дэвис', 33307),
 ('2025-08-09 09:22:00', 'Изъятие тела', 1082, 'Линда Смит', 33089),
 ('2025-08-10 08:16:00', 'Вскрытие', 1427, 'Кимберли Смит', 33342),
 ('2025-08-09 09:39:00', 'Вскрытие', 1562, 'Брайан Гарсия', 35491);

